muRataLibWeb_C:GA242:symbol,{"P1":"1","P2":"0"}
muRataLibWeb_C:GA243:symbol,{"P1":"1","P2":"0"}
muRataLibWeb_C:GA255:symbol,{"P1":"1","P2":"0"}
muRataLibWeb_C:GA342:symbol,{"P1":"1","P2":"0"}
muRataLibWeb_C:GA343:symbol,{"P1":"1","P2":"0"}
muRataLibWeb_C:GA352:symbol,{"P1":"1","P2":"0"}
muRataLibWeb_C:GA355:symbol,{"P1":"1","P2":"0"}
muRataLibWeb_C:GC321:symbol,{"P1":"1","P2":"0"}
muRataLibWeb_C:GC331:symbol,{"P1":"1","P2":"0"}
muRataLibWeb_C:GC332:symbol,{"P1":"1","P2":"0"}
muRataLibWeb_C:GC343:symbol,{"P1":"1","P2":"0"}
muRataLibWeb_C:GC355:symbol,{"P1":"1","P2":"0"}
muRataLibWeb_C:GCD18:symbol,{"P1":"1","P2":"0"}
muRataLibWeb_C:GCD21:symbol,{"P1":"1","P2":"0"}
muRataLibWeb_C:GCE18:symbol,{"P1":"1","P2":"0"}
muRataLibWeb_C:GCE21:symbol,{"P1":"1","P2":"0"}
muRataLibWeb_C:GCH03:symbol,{"P1":"1","P2":"0"}
muRataLibWeb_C:GCH15:symbol,{"P1":"1","P2":"0"}
muRataLibWeb_C:GCH18:symbol,{"P1":"1","P2":"0"}
muRataLibWeb_C:GCH21:symbol,{"P1":"1","P2":"0"}
muRataLibWeb_C:GCH31:symbol,{"P1":"1","P2":"0"}
muRataLibWeb_C:GCH32:symbol,{"P1":"1","P2":"0"}
muRataLibWeb_C:GCJ18:symbol,{"P1":"1","P2":"0"}
muRataLibWeb_C:GCJ21:symbol,{"P1":"1","P2":"0"}
muRataLibWeb_C:GCJ31:symbol,{"P1":"1","P2":"0"}
muRataLibWeb_C:GCJ32:symbol,{"P1":"1","P2":"0"}
muRataLibWeb_C:GCJ43:symbol,{"P1":"1","P2":"0"}
muRataLibWeb_C:GCJ55:symbol,{"P1":"1","P2":"0"}
muRataLibWeb_C:GCM03:symbol,{"P1":"1","P2":"0"}
muRataLibWeb_C:GCM03_T:symbol,{"P1":"1","P2":"0"}
muRataLibWeb_C:GCM15:symbol,{"P1":"1","P2":"0"}
muRataLibWeb_C:GCM15_T:symbol,{"P1":"1","P2":"0"}
muRataLibWeb_C:GCM18:symbol,{"P1":"1","P2":"0"}
muRataLibWeb_C:GCM18_T:symbol,{"P1":"1","P2":"0"}
muRataLibWeb_C:GCM21:symbol,{"P1":"1","P2":"0"}
muRataLibWeb_C:GCM21_T:symbol,{"P1":"1","P2":"0"}
muRataLibWeb_C:GCM31:symbol,{"P1":"1","P2":"0"}
muRataLibWeb_C:GCM31_T:symbol,{"P1":"1","P2":"0"}
muRataLibWeb_C:GCM32:symbol,{"P1":"1","P2":"0"}
muRataLibWeb_C:GCM43:symbol,{"P1":"1","P2":"0"}
muRataLibWeb_C:GCM55:symbol,{"P1":"1","P2":"0"}
muRataLibWeb_C:GCQ03:symbol,{"P1":"1","P2":"0"}
muRataLibWeb_C:GCQ03_T:symbol,{"P1":"1","P2":"0"}
muRataLibWeb_C:GCQ15:symbol,{"P1":"1","P2":"0"}
muRataLibWeb_C:GCQ15_T:symbol,{"P1":"1","P2":"0"}
muRataLibWeb_C:GGD18:symbol,{"P1":"1","P2":"0"}
muRataLibWeb_C:GGD21:symbol,{"P1":"1","P2":"0"}
muRataLibWeb_C:GGM15:symbol,{"P1":"1","P2":"0"}
muRataLibWeb_C:GGM18:symbol,{"P1":"1","P2":"0"}
muRataLibWeb_C:GGM21:symbol,{"P1":"1","P2":"0"}
muRataLibWeb_C:GGM31:symbol,{"P1":"1","P2":"0"}
muRataLibWeb_C:GGM32:symbol,{"P1":"1","P2":"0"}
muRataLibWeb_C:GJ431:symbol,{"P1":"1","P2":"0"}
muRataLibWeb_C:GJ821:symbol,{"P1":"1","P2":"0"}
muRataLibWeb_C:GJ831:symbol,{"P1":"1","P2":"0"}
muRataLibWeb_C:GJ832:symbol,{"P1":"1","P2":"0"}
muRataLibWeb_C:GJM02:symbol,{"P1":"1","P2":"0"}
muRataLibWeb_C:GJM02_T:symbol,{"P1":"1","P2":"0"}
muRataLibWeb_C:GJM03:symbol,{"P1":"1","P2":"0"}
muRataLibWeb_C:GJM03_T:symbol,{"P1":"1","P2":"0"}
muRataLibWeb_C:GJM15:symbol,{"P1":"1","P2":"0"}
muRataLibWeb_C:GJM15_T:symbol,{"P1":"1","P2":"0"}
muRataLibWeb_C:GQM03:symbol,{"P1":"1","P2":"0"}
muRataLibWeb_C:GQM03_T:symbol,{"P1":"1","P2":"0"}
muRataLibWeb_C:GQM15:symbol,{"P1":"1","P2":"0"}
muRataLibWeb_C:GQM15_T:symbol,{"P1":"1","P2":"0"}
muRataLibWeb_C:GQM18:symbol,{"P1":"1","P2":"0"}
muRataLibWeb_C:GQM18_T:symbol,{"P1":"1","P2":"0"}
muRataLibWeb_C:GQM21:symbol,{"P1":"1","P2":"0"}
muRataLibWeb_C:GQM21_T:symbol,{"P1":"1","P2":"0"}
muRataLibWeb_C:GQM22:symbol,{"P1":"1","P2":"0"}
muRataLibWeb_C:GQM22_T:symbol,{"P1":"1","P2":"0"}
muRataLibWeb_C:GR321:symbol,{"P1":"1","P2":"0"}
muRataLibWeb_C:GR331:symbol,{"P1":"1","P2":"0"}
muRataLibWeb_C:GR332:symbol,{"P1":"1","P2":"0"}
muRataLibWeb_C:GR343:symbol,{"P1":"1","P2":"0"}
muRataLibWeb_C:GR355:symbol,{"P1":"1","P2":"0"}
muRataLibWeb_C:GR431:symbol,{"P1":"1","P2":"0"}
muRataLibWeb_C:GR432:symbol,{"P1":"1","P2":"0"}
muRataLibWeb_C:GR442:symbol,{"P1":"1","P2":"0"}
muRataLibWeb_C:GR443:symbol,{"P1":"1","P2":"0"}
muRataLibWeb_C:GR455:symbol,{"P1":"1","P2":"0"}
muRataLibWeb_C:GR721:symbol,{"P1":"1","P2":"0"}
muRataLibWeb_C:GR731:symbol,{"P1":"1","P2":"0"}
muRataLibWeb_C:GRJ03:symbol,{"P1":"1","P2":"0"}
muRataLibWeb_C:GRJ15:symbol,{"P1":"1","P2":"0"}
muRataLibWeb_C:GRJ18:symbol,{"P1":"1","P2":"0"}
muRataLibWeb_C:GRJ21:symbol,{"P1":"1","P2":"0"}
muRataLibWeb_C:GRJ31:symbol,{"P1":"1","P2":"0"}
muRataLibWeb_C:GRJ32:symbol,{"P1":"1","P2":"0"}
muRataLibWeb_C:GRJ43:symbol,{"P1":"1","P2":"0"}
muRataLibWeb_C:GRJ55:symbol,{"P1":"1","P2":"0"}
muRataLibWeb_C:GRM01:symbol,{"P1":"1","P2":"0"}
muRataLibWeb_C:GRM01_T:symbol,{"P1":"1","P2":"0"}
muRataLibWeb_C:GRM02:symbol,{"P1":"1","P2":"0"}
muRataLibWeb_C:GRM02_T:symbol,{"P1":"1","P2":"0"}
muRataLibWeb_C:GRM03:symbol,{"P1":"1","P2":"0"}
muRataLibWeb_C:GRM03_T:symbol,{"P1":"1","P2":"0"}
muRataLibWeb_C:GRM15:symbol,{"P1":"1","P2":"0"}
muRataLibWeb_C:GRM15_T:symbol,{"P1":"1","P2":"0"}
muRataLibWeb_C:GRM18:symbol,{"P1":"1","P2":"0"}
muRataLibWeb_C:GRM18_T:symbol,{"P1":"1","P2":"0"}
muRataLibWeb_C:GRM21:symbol,{"P1":"1","P2":"0"}
muRataLibWeb_C:GRM21_T:symbol,{"P1":"1","P2":"0"}
muRataLibWeb_C:GRM31:symbol,{"P1":"1","P2":"0"}
muRataLibWeb_C:GRM31_T:symbol,{"P1":"1","P2":"0"}
muRataLibWeb_C:GRM32:symbol,{"P1":"1","P2":"0"}
muRataLibWeb_C:GRM32_T:symbol,{"P1":"1","P2":"0"}
muRataLibWeb_C:GRM42:symbol,{"P1":"1","P2":"0"}
muRataLibWeb_C:GRM42_T:symbol,{"P1":"1","P2":"0"}
muRataLibWeb_C:GRM43:symbol,{"P1":"1","P2":"0"}
muRataLibWeb_C:GRM55:symbol,{"P1":"1","P2":"0"}
muRataLibWeb_C:GRMJN:symbol,{"P1":"1","P2":"0"}
muRataLibWeb_C:GRMMD:symbol,{"P1":"1","P2":"0"}
muRataLibWeb_C:GRT03:symbol,{"P1":"1","P2":"0"}
muRataLibWeb_C:GRT03_T:symbol,{"P1":"1","P2":"0"}
muRataLibWeb_C:GRT15:symbol,{"P1":"1","P2":"0"}
muRataLibWeb_C:GRT15_T:symbol,{"P1":"1","P2":"0"}
muRataLibWeb_C:GRT18:symbol,{"P1":"1","P2":"0"}
muRataLibWeb_C:GRT18_T:symbol,{"P1":"1","P2":"0"}
muRataLibWeb_C:GRT21:symbol,{"P1":"1","P2":"0"}
muRataLibWeb_C:GRT31:symbol,{"P1":"1","P2":"0"}
muRataLibWeb_C:GRT32:symbol,{"P1":"1","P2":"0"}
muRataLibWeb_C:GXT15:symbol,{"P1":"1","P2":"0"}
muRataLibWeb_C:GXT18:symbol,{"P1":"1","P2":"0"}
muRataLibWeb_C:GXT21:symbol,{"P1":"1","P2":"0"}
muRataLibWeb_C:GXT31:symbol,{"P1":"1","P2":"0"}
muRataLibWeb_C:GXT32:symbol,{"P1":"1","P2":"0"}
muRataLibWeb_C:KC355:symbol,{"P1":"1","P2":"0"}
muRataLibWeb_C:KCA55:symbol,{"P1":"1","P2":"0"}
muRataLibWeb_C:KCM55:symbol,{"P1":"1","P2":"0"}
muRataLibWeb_C:KR355:symbol,{"P1":"1","P2":"0"}
muRataLibWeb_C:KRM21:symbol,{"P1":"1","P2":"0"}
muRataLibWeb_C:KRM31:symbol,{"P1":"1","P2":"0"}
muRataLibWeb_C:KRM55:symbol,{"P1":"1","P2":"0"}
muRataLibWeb_C:KRT31:symbol,{"P1":"1","P2":"0"}
muRataLibWeb_C:LLC15:symbol,{"P1":"1","P2":"0"}
muRataLibWeb_C:LLL03:symbol,{"P1":"1","P2":"0"}
muRataLibWeb_C:LLL15:symbol,{"P1":"1","P2":"0"}
muRataLibWeb_C:LLL18:symbol,{"P1":"1","P2":"0"}
muRataLibWeb_C:LLL1U:symbol,{"P1":"1","P2":"0"}
muRataLibWeb_C:LLL21:symbol,{"P1":"1","P2":"0"}
muRataLibWeb_C:LLL31:symbol,{"P1":"1","P2":"0"}
muRataLibWeb_C:LLR18:symbol,{"P1":"1","P2":"0"}
muRataLibWeb_C:ZRA21:symbol,{"P1":"1","P2":"0"}
muRataLibWeb_C:ZRB15:symbol,{"P1":"1","P2":"0"}
muRataLibWeb_C:ZRB18:symbol,{"P1":"1","P2":"0"}
